"Product","Price","Shop"
"GOLD STANDARD","₱2,500.00 – ₱7,950.00","www.supplementhub.com.ph"
"R1 Protein","₱4,100.00 – ₱7,100.00","www.supplementhub.com.ph"
"ISO 100","₱4,200.00 – ₱6,500.00","www.supplementhub.com.ph"
"SYNTHA 6 REGULAR","₱2,600.00 – ₱6,330.00","www.supplementhub.com.ph"
"NITROTECH","₱3,500.00","www.supplementhub.com.ph"
"R1 Whey Blend","₱3,300.00 – ₱5,600.00","www.supplementhub.com.ph"
"GOLD STANDARD ISOLATE","₱2,700.00 – ₱5,000.00","www.supplementhub.com.ph"
"SERIOUS MASS","₱2,670.00 – ₱3,950.00","www.supplementhub.com.ph"
"EVOFUSION PROTEIN BLEND","₱3,800.00","www.supplementhub.com.ph"
"SUPER HUGE MASS GAINER","₱3,800.00","www.supplementhub.com.ph"
"ISOPURE","₱3,700.00","www.supplementhub.com.ph"
"NITROTECH RIPPED","₱3,400.00","www.supplementhub.com.ph"
"ISO-PRO","₱3,300.00","www.supplementhub.com.ph"
"ISOJECT PURE WHEY PROTEIN ISOLATE","₱3,100.00","www.supplementhub.com.ph"
"ISOPHORM","₱3,000.00","www.supplementhub.com.ph"
"Raw VEGAN PROTEIN","₱3,000.00","www.supplementhub.com.ph"
"USN Premium 100% Whey Protein 5lbs","₱3,350.00","www.wheykingsupplements.com"
"Elite Labs 100% True Whey 5lbs","₱3,150.00","www.wheykingsupplements.com"
"FINAFLEX Clear Protein 2lbs Premier protein drink","₱2,100.00","www.wheykingsupplements.com"
"Ronnie Coleman ISO-Tropic Max - 5lbs","₱2,250.00","www.wheykingsupplements.com"
"Gaspari Proven Whey - 4lbs","₱4,350.00","www.wheykingsupplements.com"
"SAN 100% Raw Plant Based Protein Rawfusion 4lbs Pouch","₱3,250.00","www.wheykingsupplements.com"
"Applied Nutrition Critical Whey Protein 2KG","₱3,150.00","www.wheykingsupplements.com"
"Applied Nutrition ISO-XP 1.8KG","₱4,150.00","www.wheykingsupplements.com"
"SAN 100% Pure Titanium Whey 5lbs","₱3,550.00","www.wheykingsupplements.com"
"SAN 100% Raw Plant Based Protein Rawfusion 2lbs","₱1,900.00","www.wheykingsupplements.com"
"USN BlueLab 100% Whey 4.5lbs","₱3,850.00","www.wheykingsupplements.com"
"USN Weight Loss Collagen","₱1,200.00","www.wheykingsupplements.com"
"SAN 100% Pure Titanium Whey 2lbs","₱2,150.00","www.wheykingsupplements.com"
"Finaflex Clear Protein 5.1lbs","₱3,350.00","www.wheykingsupplements.com"
"SAN Whey Shred 5lbs - Fat loss matrix","₱3,800.00","www.wheykingsupplements.com"
"High5 Sports Nutrition Recovery Drink 1.6KG","₱2,200.00","www.wheykingsupplements.com"
"USN IsoPro 100% Whey Protein Isolate - 4lbs","₱4,350.00","www.wheykingsupplements.com"
"Prosupps PS Whey Concentrate 5lbs","₱2,900.00","www.wheykingsupplements.com"
"Prosupps PS Whey Isolate 2lbs","₱2,150.00","www.wheykingsupplements.com"
"Elite Labs 100% True Whey Value Size 10lbs","₱5,995.00","www.wheykingsupplements.com"
"USN PLANT PROTEIN- VEGAN PROTEIN 1.5LBS","₱2,000.00","www.wheykingsupplements.com"
"USN Bluelab 100% Whey  2lbs","₱2,450.00","www.wheykingsupplements.com"
"BOUNTY Hi-Protein Whey Protein Powder 2lbs","₱1,700","ffsupplements.com.ph"
"BSN Syntha-6 Whey 10lbs","₱6,750","ffsupplements.com.ph"
"BSN Syntha-6 Whey 5lbs","₱3,700","ffsupplements.com.ph"
"Dymatize ISO100 Hydrolized Whey Protein Isolates 5lbs","From ₱4,200","ffsupplements.com.ph"
"Insane Labz ISO - Premium Hydrolyzed Whey Protein Isolate 4.3lbs","₱2,650","ffsupplements.com.ph"
"Insane Whey Protein 5lbs","₱2,600","ffsupplements.com.ph"
"Insane Whey Ripped 5lbs","₱2,200","ffsupplements.com.ph"
"MusclePharm Combat Protein 4lbs FREE MP Shaker","₱2,350","ffsupplements.com.ph"
"MuscleTech 100% Grass-Fed Whey Protein 4.6lbs","₱2,400","ffsupplements.com.ph"
"MuscleTech NitroTech 100% Whey Gold 5lbs","₱3,150","ffsupplements.com.ph"
"MuscleTech NitroTech Ripped 4lbs","₱3,200","ffsupplements.com.ph"
"MuscleTech NitroTech Whey 10lbs","₱6,700","ffsupplements.com.ph"
"MuscleTech NitroTech Whey 4lbs","₱2,900","ffsupplements.com.ph"
"Mutant 100% Whey 10lbs FREE Python Stainless Steel Shaker","₱6,100","ffsupplements.com.ph"
"ON Gold Standard 100% Isolate 5lbs FREE ON Shaker","From ₱4,500","ffsupplements.com.ph"
"ON Gold Standard 100% Whey 10lbs FREE ON Socks","₱7,950","ffsupplements.com.ph"
"ON Gold Standard 100% Whey 1lb","₱1,500","ffsupplements.com.ph"
"ON Gold Standard 100% Whey 2lbs","₱2,200","ffsupplements.com.ph"
"ON Gold Standard 100% Whey 5.5lbs","₱4,100","ffsupplements.com.ph"
"ON Gold Standard 100% Whey 5lbs","₱3,999","ffsupplements.com.ph"
"Promatrix Whey 5lbs with Shaker","₱1,850","ffsupplements.com.ph"
"Promatrix7 Whey 2lbs Free shaker","₱1,099","ffsupplements.com.ph"
"Promatrix7 Whey 5lbs","₱1,800","ffsupplements.com.ph"
"Rule 1 Isolate 10lbs","₱6,700","ffsupplements.com.ph"
